INSERT INTO "auth_permission" ("id", "name", "content_type_id", "codename") VALUES (1, 'Can add Aliado', 1, 'add_aliado');
INSERT INTO "auth_permission" ("id", "name", "content_type_id", "codename") VALUES (2, 'Can change Aliado', 1, 'change_aliado');
INSERT INTO "auth_permission" ("id", "name", "content_type_id", "codename") VALUES (3, 'Can delete Aliado', 1, 'delete_aliado');
INSERT INTO "auth_permission" ("id", "name", "content_type_id", "codename") VALUES (4, 'Can view Aliado', 1, 'view_aliado');
INSERT INTO "auth_permission" ("id", "name", "content_type_id", "codename") VALUES (5, 'Can add archivos_copasst', 2, 'add_archivos_copasst');
INSERT INTO "auth_permission" ("id", "name", "content_type_id", "codename") VALUES (6, 'Can change archivos_copasst', 2, 'change_archivos_copasst');
INSERT INTO "auth_permission" ("id", "name", "content_type_id", "codename") VALUES (7, 'Can delete archivos_copasst', 2, 'delete_archivos_copasst');
INSERT INTO "auth_permission" ("id", "name", "content_type_id", "codename") VALUES (8, 'Can view archivos_copasst', 2, 'view_archivos_copasst');
INSERT INTO "auth_permission" ("id", "name", "content_type_id", "codename") VALUES (9, 'Can add cocola', 3, 'add_cocola');
INSERT INTO "auth_permission" ("id", "name", "content_type_id", "codename") VALUES (10, 'Can change cocola', 3, 'change_cocola');
INSERT INTO "auth_permission" ("id", "name", "content_type_id", "codename") VALUES (11, 'Can delete cocola', 3, 'delete_cocola');
INSERT INTO "auth_permission" ("id", "name", "content_type_id", "codename") VALUES (12, 'Can view cocola', 3, 'view_cocola');
INSERT INTO "auth_permission" ("id", "name", "content_type_id", "codename") VALUES (13, 'Can add copasst', 4, 'add_copasst');
INSERT INTO "auth_permission" ("id", "name", "content_type_id", "codename") VALUES (14, 'Can change copasst', 4, 'change_copasst');
INSERT INTO "auth_permission" ("id", "name", "content_type_id", "codename") VALUES (15, 'Can delete copasst', 4, 'delete_copasst');
INSERT INTO "auth_permission" ("id", "name", "content_type_id", "codename") VALUES (16, 'Can view copasst', 4, 'view_copasst');
INSERT INTO "auth_permission" ("id", "name", "content_type_id", "codename") VALUES (17, 'Can add documento', 5, 'add_documento');
INSERT INTO "auth_permission" ("id", "name", "content_type_id", "codename") VALUES (18, 'Can change documento', 5, 'change_documento');
INSERT INTO "auth_permission" ("id", "name", "content_type_id", "codename") VALUES (19, 'Can delete documento', 5, 'delete_documento');
INSERT INTO "auth_permission" ("id", "name", "content_type_id", "codename") VALUES (20, 'Can view documento', 5, 'view_documento');
INSERT INTO "auth_permission" ("id", "name", "content_type_id", "codename") VALUES (21, 'Can add Empresa', 6, 'add_empresa');
INSERT INTO "auth_permission" ("id", "name", "content_type_id", "codename") VALUES (22, 'Can change Empresa', 6, 'change_empresa');
INSERT INTO "auth_permission" ("id", "name", "content_type_id", "codename") VALUES (23, 'Can delete Empresa', 6, 'delete_empresa');
INSERT INTO "auth_permission" ("id", "name", "content_type_id", "codename") VALUES (24, 'Can view Empresa', 6, 'view_empresa');
INSERT INTO "auth_permission" ("id", "name", "content_type_id", "codename") VALUES (25, 'Can add Permission', 7, 'add_permissions');
INSERT INTO "auth_permission" ("id", "name", "content_type_id", "codename") VALUES (26, 'Can change Permission', 7, 'change_permissions');
INSERT INTO "auth_permission" ("id", "name", "content_type_id", "codename") VALUES (27, 'Can delete Permission', 7, 'delete_permissions');
INSERT INTO "auth_permission" ("id", "name", "content_type_id", "codename") VALUES (28, 'Can view Permission', 7, 'view_permissions');
INSERT INTO "auth_permission" ("id", "name", "content_type_id", "codename") VALUES (29, 'Can add Permission_role', 8, 'add_permissions_role');
INSERT INTO "auth_permission" ("id", "name", "content_type_id", "codename") VALUES (30, 'Can change Permission_role', 8, 'change_permissions_role');
INSERT INTO "auth_permission" ("id", "name", "content_type_id", "codename") VALUES (31, 'Can delete Permission_role', 8, 'delete_permissions_role');
INSERT INTO "auth_permission" ("id", "name", "content_type_id", "codename") VALUES (32, 'Can view Permission_role', 8, 'view_permissions_role');
INSERT INTO "auth_permission" ("id", "name", "content_type_id", "codename") VALUES (33, 'Can add plan_copasst', 9, 'add_plan_copasst');
INSERT INTO "auth_permission" ("id", "name", "content_type_id", "codename") VALUES (34, 'Can change plan_copasst', 9, 'change_plan_copasst');
INSERT INTO "auth_permission" ("id", "name", "content_type_id", "codename") VALUES (35, 'Can delete plan_copasst', 9, 'delete_plan_copasst');
INSERT INTO "auth_permission" ("id", "name", "content_type_id", "codename") VALUES (36, 'Can view plan_copasst', 9, 'view_plan_copasst');
INSERT INTO "auth_permission" ("id", "name", "content_type_id", "codename") VALUES (37, 'Can add Politica', 10, 'add_politicas');
INSERT INTO "auth_permission" ("id", "name", "content_type_id", "codename") VALUES (38, 'Can change Politica', 10, 'change_politicas');
INSERT INTO "auth_permission" ("id", "name", "content_type_id", "codename") VALUES (39, 'Can delete Politica', 10, 'delete_politicas');
INSERT INTO "auth_permission" ("id", "name", "content_type_id", "codename") VALUES (40, 'Can view Politica', 10, 'view_politicas');
INSERT INTO "auth_permission" ("id", "name", "content_type_id", "codename") VALUES (41, 'Can add Producto', 11, 'add_producto_aliado');
INSERT INTO "auth_permission" ("id", "name", "content_type_id", "codename") VALUES (42, 'Can change Producto', 11, 'change_producto_aliado');
INSERT INTO "auth_permission" ("id", "name", "content_type_id", "codename") VALUES (43, 'Can delete Producto', 11, 'delete_producto_aliado');
INSERT INTO "auth_permission" ("id", "name", "content_type_id", "codename") VALUES (44, 'Can view Producto', 11, 'view_producto_aliado');
INSERT INTO "auth_permission" ("id", "name", "content_type_id", "codename") VALUES (45, 'Can add quejas_cocola', 12, 'add_quejas_cocola');
INSERT INTO "auth_permission" ("id", "name", "content_type_id", "codename") VALUES (46, 'Can change quejas_cocola', 12, 'change_quejas_cocola');
INSERT INTO "auth_permission" ("id", "name", "content_type_id", "codename") VALUES (47, 'Can delete quejas_cocola', 12, 'delete_quejas_cocola');
INSERT INTO "auth_permission" ("id", "name", "content_type_id", "codename") VALUES (48, 'Can view quejas_cocola', 12, 'view_quejas_cocola');
INSERT INTO "auth_permission" ("id", "name", "content_type_id", "codename") VALUES (49, 'Can add reuniones_copasst', 13, 'add_reuniones_copasst');
INSERT INTO "auth_permission" ("id", "name", "content_type_id", "codename") VALUES (50, 'Can change reuniones_copasst', 13, 'change_reuniones_copasst');
INSERT INTO "auth_permission" ("id", "name", "content_type_id", "codename") VALUES (51, 'Can delete reuniones_copasst', 13, 'delete_reuniones_copasst');
INSERT INTO "auth_permission" ("id", "name", "content_type_id", "codename") VALUES (52, 'Can view reuniones_copasst', 13, 'view_reuniones_copasst');
INSERT INTO "auth_permission" ("id", "name", "content_type_id", "codename") VALUES (53, 'Can add riesgos_emergencia', 14, 'add_riesgos_emergencia');
INSERT INTO "auth_permission" ("id", "name", "content_type_id", "codename") VALUES (54, 'Can change riesgos_emergencia', 14, 'change_riesgos_emergencia');
INSERT INTO "auth_permission" ("id", "name", "content_type_id", "codename") VALUES (55, 'Can delete riesgos_emergencia', 14, 'delete_riesgos_emergencia');
INSERT INTO "auth_permission" ("id", "name", "content_type_id", "codename") VALUES (56, 'Can view riesgos_emergencia', 14, 'view_riesgos_emergencia');
INSERT INTO "auth_permission" ("id", "name", "content_type_id", "codename") VALUES (57, 'Can add Rol', 15, 'add_rol');
INSERT INTO "auth_permission" ("id", "name", "content_type_id", "codename") VALUES (58, 'Can change Rol', 15, 'change_rol');
INSERT INTO "auth_permission" ("id", "name", "content_type_id", "codename") VALUES (59, 'Can delete Rol', 15, 'delete_rol');
INSERT INTO "auth_permission" ("id", "name", "content_type_id", "codename") VALUES (60, 'Can view Rol', 15, 'view_rol');
INSERT INTO "auth_permission" ("id", "name", "content_type_id", "codename") VALUES (61, 'Can add User', 16, 'add_users');
INSERT INTO "auth_permission" ("id", "name", "content_type_id", "codename") VALUES (62, 'Can change User', 16, 'change_users');
INSERT INTO "auth_permission" ("id", "name", "content_type_id", "codename") VALUES (63, 'Can delete User', 16, 'delete_users');
INSERT INTO "auth_permission" ("id", "name", "content_type_id", "codename") VALUES (64, 'Can view User', 16, 'view_users');
INSERT INTO "auth_permission" ("id", "name", "content_type_id", "codename") VALUES (65, 'Can add log entry', 17, 'add_logentry');
INSERT INTO "auth_permission" ("id", "name", "content_type_id", "codename") VALUES (66, 'Can change log entry', 17, 'change_logentry');
INSERT INTO "auth_permission" ("id", "name", "content_type_id", "codename") VALUES (67, 'Can delete log entry', 17, 'delete_logentry');
INSERT INTO "auth_permission" ("id", "name", "content_type_id", "codename") VALUES (68, 'Can view log entry', 17, 'view_logentry');
INSERT INTO "auth_permission" ("id", "name", "content_type_id", "codename") VALUES (69, 'Can add permission', 18, 'add_permission');
INSERT INTO "auth_permission" ("id", "name", "content_type_id", "codename") VALUES (70, 'Can change permission', 18, 'change_permission');
INSERT INTO "auth_permission" ("id", "name", "content_type_id", "codename") VALUES (71, 'Can delete permission', 18, 'delete_permission');
INSERT INTO "auth_permission" ("id", "name", "content_type_id", "codename") VALUES (72, 'Can view permission', 18, 'view_permission');
INSERT INTO "auth_permission" ("id", "name", "content_type_id", "codename") VALUES (73, 'Can add group', 19, 'add_group');
INSERT INTO "auth_permission" ("id", "name", "content_type_id", "codename") VALUES (74, 'Can change group', 19, 'change_group');
INSERT INTO "auth_permission" ("id", "name", "content_type_id", "codename") VALUES (75, 'Can delete group', 19, 'delete_group');
INSERT INTO "auth_permission" ("id", "name", "content_type_id", "codename") VALUES (76, 'Can view group', 19, 'view_group');
INSERT INTO "auth_permission" ("id", "name", "content_type_id", "codename") VALUES (77, 'Can add user', 20, 'add_user');
INSERT INTO "auth_permission" ("id", "name", "content_type_id", "codename") VALUES (78, 'Can change user', 20, 'change_user');
INSERT INTO "auth_permission" ("id", "name", "content_type_id", "codename") VALUES (79, 'Can delete user', 20, 'delete_user');
INSERT INTO "auth_permission" ("id", "name", "content_type_id", "codename") VALUES (80, 'Can view user', 20, 'view_user');
INSERT INTO "auth_permission" ("id", "name", "content_type_id", "codename") VALUES (81, 'Can add content type', 21, 'add_contenttype');
INSERT INTO "auth_permission" ("id", "name", "content_type_id", "codename") VALUES (82, 'Can change content type', 21, 'change_contenttype');
INSERT INTO "auth_permission" ("id", "name", "content_type_id", "codename") VALUES (83, 'Can delete content type', 21, 'delete_contenttype');
INSERT INTO "auth_permission" ("id", "name", "content_type_id", "codename") VALUES (84, 'Can view content type', 21, 'view_contenttype');
INSERT INTO "auth_permission" ("id", "name", "content_type_id", "codename") VALUES (85, 'Can add session', 22, 'add_session');
INSERT INTO "auth_permission" ("id", "name", "content_type_id", "codename") VALUES (86, 'Can change session', 22, 'change_session');
INSERT INTO "auth_permission" ("id", "name", "content_type_id", "codename") VALUES (87, 'Can delete session', 22, 'delete_session');
INSERT INTO "auth_permission" ("id", "name", "content_type_id", "codename") VALUES (88, 'Can view session', 22, 'view_session');
INSERT INTO "django_content_type" ("id", "app_label", "model") VALUES (1, 'sst', 'aliado');
INSERT INTO "django_content_type" ("id", "app_label", "model") VALUES (2, 'sst', 'archivos_copasst');
INSERT INTO "django_content_type" ("id", "app_label", "model") VALUES (3, 'sst', 'cocola');
INSERT INTO "django_content_type" ("id", "app_label", "model") VALUES (4, 'sst', 'copasst');
INSERT INTO "django_content_type" ("id", "app_label", "model") VALUES (5, 'sst', 'documento');
INSERT INTO "django_content_type" ("id", "app_label", "model") VALUES (6, 'sst', 'empresa');
INSERT INTO "django_content_type" ("id", "app_label", "model") VALUES (7, 'sst', 'permissions');
INSERT INTO "django_content_type" ("id", "app_label", "model") VALUES (8, 'sst', 'permissions_role');
INSERT INTO "django_content_type" ("id", "app_label", "model") VALUES (9, 'sst', 'plan_copasst');
INSERT INTO "django_content_type" ("id", "app_label", "model") VALUES (10, 'sst', 'politicas');
INSERT INTO "django_content_type" ("id", "app_label", "model") VALUES (11, 'sst', 'producto_aliado');
INSERT INTO "django_content_type" ("id", "app_label", "model") VALUES (12, 'sst', 'quejas_cocola');
INSERT INTO "django_content_type" ("id", "app_label", "model") VALUES (13, 'sst', 'reuniones_copasst');
INSERT INTO "django_content_type" ("id", "app_label", "model") VALUES (14, 'sst', 'riesgos_emergencia');
INSERT INTO "django_content_type" ("id", "app_label", "model") VALUES (15, 'sst', 'rol');
INSERT INTO "django_content_type" ("id", "app_label", "model") VALUES (16, 'sst', 'users');
INSERT INTO "django_content_type" ("id", "app_label", "model") VALUES (17, 'admin', 'logentry');
INSERT INTO "django_content_type" ("id", "app_label", "model") VALUES (18, 'auth', 'permission');
INSERT INTO "django_content_type" ("id", "app_label", "model") VALUES (19, 'auth', 'group');
INSERT INTO "django_content_type" ("id", "app_label", "model") VALUES (20, 'auth', 'user');
INSERT INTO "django_content_type" ("id", "app_label", "model") VALUES (21, 'contenttypes', 'contenttype');
INSERT INTO "django_content_type" ("id", "app_label", "model") VALUES (22, 'sessions', 'session');
INSERT INTO "django_migrations" ("id", "app", "name", "applied") VALUES (1, 'contenttypes', '0001_initial', '2021-12-02 22:18:39.378239-05');
INSERT INTO "django_migrations" ("id", "app", "name", "applied") VALUES (2, 'auth', '0001_initial', '2021-12-02 22:18:45.405654-05');
INSERT INTO "django_migrations" ("id", "app", "name", "applied") VALUES (3, 'admin', '0001_initial', '2021-12-02 22:18:46.600853-05');
INSERT INTO "django_migrations" ("id", "app", "name", "applied") VALUES (4, 'admin', '0002_logentry_remove_auto_add', '2021-12-02 22:18:46.730758-05');
INSERT INTO "django_migrations" ("id", "app", "name", "applied") VALUES (5, 'admin', '0003_logentry_add_action_flag_choices', '2021-12-02 22:18:46.835134-05');
INSERT INTO "django_migrations" ("id", "app", "name", "applied") VALUES (6, 'contenttypes', '0002_remove_content_type_name', '2021-12-02 22:18:47.619437-05');
INSERT INTO "django_migrations" ("id", "app", "name", "applied") VALUES (7, 'auth', '0002_alter_permission_name_max_length', '2021-12-02 22:18:47.750929-05');
INSERT INTO "django_migrations" ("id", "app", "name", "applied") VALUES (8, 'auth', '0003_alter_user_email_max_length', '2021-12-02 22:18:47.846912-05');
INSERT INTO "django_migrations" ("id", "app", "name", "applied") VALUES (9, 'auth', '0004_alter_user_username_opts', '2021-12-02 22:18:47.920582-05');
INSERT INTO "django_migrations" ("id", "app", "name", "applied") VALUES (10, 'auth', '0005_alter_user_last_login_null', '2021-12-02 22:18:48.024575-05');
INSERT INTO "django_migrations" ("id", "app", "name", "applied") VALUES (11, 'auth', '0006_require_contenttypes_0002', '2021-12-02 22:18:48.07257-05');
INSERT INTO "django_migrations" ("id", "app", "name", "applied") VALUES (12, 'auth', '0007_alter_validators_add_error_messages', '2021-12-02 22:18:48.208557-05');
INSERT INTO "django_migrations" ("id", "app", "name", "applied") VALUES (13, 'auth', '0008_alter_user_username_max_length', '2021-12-02 22:18:48.778641-05');
INSERT INTO "django_migrations" ("id", "app", "name", "applied") VALUES (14, 'auth', '0009_alter_user_last_name_max_length', '2021-12-02 22:18:49.09432-05');
INSERT INTO "django_migrations" ("id", "app", "name", "applied") VALUES (15, 'auth', '0010_alter_group_name_max_length', '2021-12-02 22:18:49.166314-05');
INSERT INTO "django_migrations" ("id", "app", "name", "applied") VALUES (16, 'auth', '0011_update_proxy_permissions', '2021-12-02 22:18:49.244939-05');
INSERT INTO "django_migrations" ("id", "app", "name", "applied") VALUES (17, 'auth', '0012_alter_user_first_name_max_length', '2021-12-02 22:18:49.351978-05');
INSERT INTO "django_migrations" ("id", "app", "name", "applied") VALUES (18, 'sessions', '0001_initial', '2021-12-02 22:18:50.43335-05');
INSERT INTO "django_migrations" ("id", "app", "name", "applied") VALUES (19, 'sst', '0001_initial', '2021-12-02 22:18:55.38452-05');
INSERT INTO "django_session" ("session_key", "session_data", "expire_date") VALUES ('elx6flkix3vksgv9tnyb7j68qmxtrazh', 'eyJsb2dnZWFkbyI6MSwibG9naW5fZXJyb3IiOiIifQ:1mszQ0:eQhC6nSbnM-qj2p1W3FyihxGcI83vS9sjgxtlSMbfXw', '2021-12-16 22:39:28.432909-05');
INSERT INTO "sst_empresa" ("id", "nombre_empresa", "nit", "georreferencia", "actividad_economica", "nivel_riesgo", "cant_trabajadores", "naturaleza_juridica", "telefono_contacto", "email_contacto", "tipo_empresa") VALUES (1, 'Prueba', '11', 'Prueba', 'Prueba', 'Prueba', 'Prueba', 'Prueba', '11', 'admin@admin.com', 'Prueba');
INSERT INTO "sst_users" ("id", "user_name", "password", "first_surname", "second_surname", "identity_number", "phone", "cellphone", "address", "email", "admin_status", "activity_status", "id_rol") VALUES (1, 'admin@admin.com', 'admin', 'Prueba', 'Prueba', '1', '1', '1', '12', 'admin@admin.com', '', 'activo', 'administrador');
